City_ID,City,Lat,Lng,Max Temp,Humidity,Cloudiness,Wind Speed,Country,Date
0,pisco,-13.7,-76.2167,295.18,83,0,3.09,PE,1712802251
1,aasiaat,68.7098,-52.8699,263.82,82,100,1.62,GL,1712802420
2,grytviken,-54.2811,-36.5092,274.33,95,32,6.53,GS,1712802420
3,tavda,58.0425,65.2726,271.87,88,90,2.24,RU,1712802420
4,albany,42.6001,-73.9662,285.14,95,100,1.28,US,1712802138
5,carnarvon,-24.8667,113.6333,298.83,47,5,11.21,AU,1712802420
6,georgetown,5.4112,100.3354,303.12,69,20,3.6,MY,1712802158
7,mesquite,32.7668,-96.5992,288.68,77,100,6.69,US,1712802421
8,polyarnyy,69.1989,33.4478,275.82,93,100,8.56,RU,1712802421
9,oranjemund,-28.55,16.4333,288.53,84,0,3.55,NA,1712802058
10,mount gambier,-37.8333,140.7667,288.04,59,100,2.97,AU,1712802421
11,iqaluit,63.7506,-68.5145,270.0,86,100,4.12,CA,1712802422
12,port-aux-francais,-49.35,70.2167,280.08,95,100,6.4,TF,1712802422
13,bikenibeu village,1.3673,173.1241,304.13,74,40,4.12,KI,1712802422
14,ust-nera,64.5667,143.2,266.74,84,100,4.02,RU,1712802423
15,krapivinskiy,54.9992,86.8133,273.06,76,100,2.38,RU,1712802423
16,susuman,62.7833,148.1667,260.92,77,71,1.34,RU,1712802423
17,edinburgh of the seven seas,-37.0676,-12.3116,291.01,80,100,2.25,SH,1712802423
18,dryden,49.7833,-92.7503,281.31,61,0,2.06,CA,1712802258
19,wanning,18.8003,110.3967,300.67,80,50,3.14,CN,1712802424
20,codrington,-38.2667,141.9667,288.19,63,100,4.58,AU,1712802058
21,lompoc,34.6391,-120.4579,293.71,95,40,3.09,US,1712802217
22,tiksi,71.6872,128.8694,259.42,87,98,2.94,RU,1712802424
23,west island,-12.1568,96.8225,302.14,70,100,4.63,CC,1712802425
24,hammerfest,70.6634,23.6821,276.4,100,100,3.09,NO,1712801931
25,north bend,43.4065,-124.2243,287.73,82,0,7.2,US,1712802425
26,adamstown,-25.066,-130.1015,295.04,88,100,10.32,PN,1712802425
27,ataq,14.5377,46.8319,294.0,67,1,4.54,YE,1712802425
28,leshan,29.5623,103.7639,292.42,77,100,1.3,CN,1712802426
29,betio village,1.358,172.9211,304.17,76,100,4.44,KI,1712802426
30,papatowai,-46.5619,169.4708,282.48,97,100,6.8,NZ,1712802426
31,chongwe,-15.3292,28.682,292.56,96,100,1.51,ZM,1712802426
32,hermanus,-34.4187,19.2345,286.93,72,3,8.17,ZA,1712802426
33,ushtobe,45.2514,77.9838,285.32,58,100,2.03,KZ,1712802427
34,ribeira grande,38.5167,-28.7,290.8,100,75,9.39,PT,1712802427
35,yellowknife,62.456,-114.3525,272.82,91,20,4.12,CA,1712802306
36,shingu,33.7333,135.9833,288.95,65,100,5.29,JP,1712802427
37,kashmar,35.2383,58.4656,289.83,41,100,5.8,IR,1712802427
38,hawaiian paradise park,19.5933,-154.9731,297.52,82,75,4.63,US,1712802428
39,bilibino,68.0546,166.4372,261.86,74,10,0.9,RU,1712802428
40,puerto ayora,-0.7393,-90.3518,298.46,99,81,1.97,EC,1712802428
41,kamiichi,36.7,137.3667,293.05,45,0,5.14,JP,1712802428
42,lloydminster,53.2835,-110.0016,280.27,26,20,4.63,CA,1712802428
43,rongelap,11.1635,166.8941,299.87,76,100,10.32,MH,1712802429
44,port elizabeth,-33.918,25.5701,287.77,82,40,3.09,ZA,1712802429
45,waitangi,-43.9535,-176.5597,290.83,85,100,5.81,NZ,1712802429
46,mossel bay,-34.1831,22.146,285.11,74,68,4.85,ZA,1712802429
47,cockburn town,21.4612,-71.1419,298.18,71,100,11.05,TC,1712802060
48,shindand,33.3029,62.1474,291.19,35,69,2.09,AF,1712802430
49,anadyr,64.75,177.4833,265.43,72,75,10.0,RU,1712802430
50,afaahiti,-17.75,-149.2833,303.08,83,100,7.99,PF,1712802417
51,papao,-17.75,-149.55,303.97,82,100,8.87,PF,1712802430
52,greymouth,-42.4667,171.2,290.73,92,100,7.02,NZ,1712802430
53,invercargill,-46.4,168.35,282.6,98,100,3.58,NZ,1712802430
54,aykhal,66.0,111.5,249.11,94,100,9.04,RU,1712802431
55,utrik,11.2278,169.8474,299.75,79,97,10.42,MH,1712802431
56,remire-montjoly,4.9167,-52.2667,301.17,83,75,3.6,GF,1712802431
57,tual,-5.6667,132.75,301.82,69,77,3.38,ID,1712802059
58,maridi,4.9158,29.4742,295.26,62,64,1.9,SS,1712802432
59,st. john's,47.5649,-52.7093,272.47,87,100,5.66,CA,1712802299
60,salamanca,40.8333,-6.0,282.59,80,100,3.58,ES,1712802307
61,port alfred,-33.5906,26.891,289.2,69,51,5.98,ZA,1712802432
62,changyon,38.2508,125.0961,288.0,61,97,5.34,KP,1712802206
63,suva,-18.1416,178.4415,303.86,66,75,5.14,FJ,1712802433
64,keflavik,64.0049,-22.5624,277.1,87,75,6.17,IS,1712802433
65,nhamunda,-2.1861,-56.7131,297.49,97,37,0.74,BR,1712802433
66,jamestown,42.097,-79.2353,287.95,70,100,2.06,US,1712802197
67,kodiak,57.79,-152.4072,275.88,52,20,4.12,US,1712802433
68,cidreira,-30.1811,-50.2056,295.31,76,100,3.47,BR,1712802434
69,margaret river,-33.95,115.0667,293.69,45,100,4.1,AU,1712802434
70,hamilton,39.1834,-84.5333,290.05,96,100,4.63,US,1712802434
71,kununurra,-15.7667,128.7333,302.14,34,52,7.72,AU,1712802434
72,tasqala,51.1167,50.3167,281.38,91,3,3.15,KZ,1712802434
73,golhisar,37.1459,29.5088,284.22,63,0,1.16,TR,1712802435
74,blackmans bay,-43.0167,147.3167,288.44,60,47,2.25,AU,1712802435
75,sitka,57.0531,-135.33,276.09,87,100,0.0,US,1712802435
76,rio grande,-32.035,-52.0986,293.28,74,100,8.83,BR,1712802225
77,bethel,41.3712,-73.414,287.34,80,100,0.89,US,1712802435
78,bargaal,11.2864,51.0773,298.91,84,12,0.99,SO,1712802436
79,kharkhorin,47.1975,102.8238,283.47,31,10,4.62,MN,1712802436
80,tallahassee,30.4383,-84.2807,295.06,94,100,7.72,US,1712802323
81,nova vicosa,-17.8919,-39.3719,298.58,84,6,2.43,BR,1712802436
82,talnakh,69.4865,88.3972,246.66,99,91,1.74,RU,1712802437
83,tongliao,43.6125,122.2653,289.09,43,0,5.87,CN,1712802437
84,vila franca do campo,37.7167,-25.4333,291.42,99,100,3.49,PT,1712802437
85,atafu village,-8.5421,-172.5159,303.16,73,46,4.05,TK,1712802437
86,sotik post,-0.7813,35.3416,285.8,97,98,1.15,KE,1712802437
87,punta arenas,-53.15,-70.9167,279.21,75,20,8.75,CL,1712802438
88,tolanaro,-25.0319,46.9987,299.19,69,40,3.6,MG,1712802438
89,belousovka,50.1339,82.5239,279.62,87,100,2.0,KZ,1712802438
90,iskateley,67.6803,53.1512,264.27,93,100,7.15,RU,1712802438
91,nouadhibou,20.931,-17.0347,291.14,88,0,6.69,MR,1712802438
92,blitar,-8.0983,112.1681,302.26,74,82,0.97,ID,1712802439
93,nabire,-3.3667,135.4833,297.64,96,100,0.98,ID,1712801920
94,raja jang,31.2208,74.2519,294.22,23,76,2.54,PK,1712802439
95,saint-philippe,-21.3585,55.7679,296.92,82,66,4.7,RE,1712802439
96,badger,64.8,-147.5333,282.29,45,20,2.57,US,1712802439
97,coquimbo,-29.9533,-71.3436,287.0,100,100,2.06,CL,1712802387
98,tazacorte,28.629,-17.9293,293.69,56,100,4.12,ES,1712802054
99,tosontsengel,48.7567,98.2839,278.19,40,69,9.22,MN,1712802440
100,san patricio,28.017,-97.5169,296.39,42,0,8.63,US,1712802440
101,vilyuchinsk,52.9306,158.4028,278.3,75,40,17.11,RU,1712802440
102,lazaro cardenas,17.9583,-102.2,296.64,80,30,3.19,MX,1712802441
103,naze,28.3667,129.4833,294.66,61,77,1.87,JP,1712802441
104,contai,21.7786,87.7536,303.98,39,100,2.25,IN,1712802441
105,thompson,55.7435,-97.8558,280.24,57,75,3.09,CA,1712802247
106,puerto natales,-51.7236,-72.4875,275.85,90,8,2.34,CL,1712802441
107,beyneu,45.3167,55.2,288.95,47,43,3.3,KZ,1712802442
108,kosh-agach,50.0,88.6667,271.65,91,100,0.89,RU,1712802442
109,alice springs,-23.7,133.8833,293.9,28,5,6.17,AU,1712802316
110,sertania,-8.0736,-37.2644,294.94,91,89,1.86,BR,1712802442
111,ushuaia,-54.8,-68.3,279.96,76,20,10.29,AR,1712802442
112,joshimath,30.5667,79.5667,283.63,34,0,3.06,IN,1712802443
113,port mathurin,-19.6833,63.4167,299.87,78,31,4.87,MU,1712802443
114,whitehorse,60.7161,-135.0538,279.58,35,40,5.14,CA,1712802443
115,tindouf,27.6711,-8.1474,299.4,18,0,5.14,DZ,1712802443
116,qaqortoq,60.7167,-46.0333,267.71,94,94,1.47,GL,1712802443
117,santa terezinha,-29.9002,-50.0904,295.5,81,100,2.93,BR,1712802443
118,jayapura,-2.5333,140.7,302.81,63,82,1.46,ID,1712802444
119,alofi,-19.0595,-169.9187,301.09,78,75,5.66,NU,1712802444
120,flying fish cove,-10.4217,105.6791,300.97,78,40,5.14,CX,1712802444
121,vorgashor,67.5833,63.95,248.77,100,100,2.12,RU,1712802444
122,saint-pierre,-21.3393,55.4781,296.97,69,0,3.09,RE,1712801904
123,nova sintra,14.8667,-24.7167,295.72,77,11,9.83,CV,1712802445
124,gopalpur,19.2667,84.9167,302.83,52,75,0.86,IN,1712802445
125,constantia,44.1833,28.65,284.65,60,0,3.89,RO,1712802245
126,obo,5.3998,26.4869,294.9,50,75,1.18,CF,1712802445
127,nantucket,41.2835,-70.0995,282.6,93,100,6.17,US,1712802317
128,klyuchi,52.2667,79.1667,275.78,98,100,1.97,RU,1712802446
129,parkes,-33.1333,148.1833,291.12,45,0,2.37,AU,1712802446
130,san antonio de pale,-1.4014,5.6325,301.31,81,100,3.85,GQ,1712802446
131,olonkinbyen,70.9221,-8.7187,266.05,71,100,5.34,SJ,1712802446
132,ilulissat,69.2167,-51.1,263.16,67,75,1.54,GL,1712802447
133,cabo san lucas,22.8909,-109.9124,295.79,44,20,3.6,MX,1712801828
134,imbituba,-28.24,-48.6703,293.97,94,100,2.93,BR,1712802447
135,yelizovo,53.1873,158.3805,278.23,38,20,8.0,RU,1712802447
136,madinat ash shamal,26.1293,51.2009,298.11,72,62,4.3,QA,1712802447
137,dhidhdhoo,6.8833,73.1,302.45,72,10,3.2,MV,1712802448
138,howard springs,-12.497,131.047,303.1,45,100,3.85,AU,1712802448
139,crucecita,-28.95,-58.9833,291.67,95,100,6.07,AR,1712802448
140,kidal,18.4411,1.4078,302.53,7,1,3.05,ML,1712802375
141,nemuro,43.3236,145.575,278.57,65,3,5.5,JP,1712802448
142,saint-joseph,-21.3667,55.6167,296.36,78,63,2.51,RE,1712802057
143,istgah-e rah ahan-e garmsar,35.2346,52.3094,291.13,45,100,3.4,IR,1712802449
144,nuku'alofa,-21.1333,-175.2,301.34,78,75,6.69,TO,1712802449
145,wailua homesteads,22.0669,-159.378,300.39,81,100,5.14,US,1712802449
146,langzhong,31.5504,105.9938,292.97,69,100,1.36,CN,1712802214
147,vila velha,-20.3297,-40.2925,297.56,96,40,1.03,BR,1712801977
148,new norfolk,-42.7826,147.0587,289.1,43,51,1.15,AU,1712802450
149,laojunmiao,39.8333,97.7333,286.48,13,84,5.09,CN,1712802450
150,iguape,-24.7081,-47.5553,297.04,90,58,1.6,BR,1712802198
151,ceuta,35.8903,-5.3075,288.17,79,10,4.73,ES,1712802450
152,al jawf,29.5,38.75,287.66,60,0,3.13,SA,1712802451
153,san carlos,9.6612,-68.5827,301.77,49,4,1.44,VE,1712802451
154,freeport,40.6576,-73.5832,286.19,87,100,2.06,US,1712802243
155,malvan,16.0667,73.4667,300.7,64,28,2.19,IN,1712802451
156,turriff,57.5384,-2.4593,286.36,81,92,9.43,GB,1712802451
157,lakatoro,-16.0999,167.4164,303.07,66,92,1.92,VU,1712802452
158,taghazout,30.5426,-9.7112,293.58,30,0,2.74,MA,1712802452
159,nuuk,64.1835,-51.7216,270.49,86,100,0.0,GL,1712802180
160,acajutla,13.5928,-89.8275,301.32,73,19,1.81,SV,1712802452
161,geraldton,-28.7667,114.6,302.38,30,2,6.17,AU,1712802453
162,avarua,-21.2078,-159.775,302.18,79,75,7.72,CK,1712802453
163,mezhdurechenskiy,59.6,65.9333,268.04,86,10,3.09,RU,1712802453
164,longyearbyen,78.2186,15.6401,258.06,72,20,4.63,SJ,1712802453
165,port hueneme,34.1478,-119.1951,297.85,67,0,3.6,US,1712802450
166,acarau,-2.8856,-40.12,298.83,90,100,3.27,BR,1712802454
167,wynyard,-41.0,145.7167,288.1,59,22,2.86,AU,1712802454
168,port lincoln,-34.7333,135.8667,289.68,64,98,3.73,AU,1712801918
169,petropavlovsk-kamchatsky,53.0452,158.6483,277.48,70,20,16.09,RU,1712802202
170,bredasdorp,-34.5322,20.0403,287.89,67,23,5.74,ZA,1712802455
171,minante segundo,16.8994,121.7628,305.2,52,67,0.85,PH,1712802455
172,waingapu,-9.6567,120.2641,302.22,71,99,5.95,ID,1712802455
173,bodden town,19.2833,-81.25,301.15,83,20,4.12,KY,1712802455
174,shinas,24.7433,56.4658,302.29,45,32,3.25,OM,1712802456
175,micheweni,-4.9667,39.8333,300.82,84,100,2.27,TZ,1712802456
176,roxas,11.5853,122.7511,301.01,62,83,5.11,PH,1712802456
177,usinsk,65.9939,57.5281,261.52,90,100,5.36,RU,1712802258
178,l'aquila,42.365,13.3935,283.56,70,79,1.79,IT,1712802457
179,udachny,66.4167,112.4,248.4,93,82,7.94,RU,1712802258
180,sao jose da coroa grande,-8.8978,-35.1478,299.42,85,100,0.67,BR,1712802457
181,balkashino,52.5167,68.7667,272.73,82,100,3.92,KZ,1712802457
182,egilsstadir,65.2653,-14.3948,275.1,80,75,1.54,IS,1712802055
183,sabang,5.8933,95.3214,302.2,74,78,7.58,ID,1712802458
184,ericeira,38.9627,-9.4156,291.36,73,100,3.58,PT,1712802458
185,college,64.8569,-147.8028,282.33,45,20,2.57,US,1712802458
186,cascais,38.6979,-9.4215,291.45,60,100,4.47,PT,1712802458
187,garbahaarrey,3.3289,42.2209,300.54,74,30,4.91,SO,1712802458
188,gadzhiyevo,69.2551,33.3362,275.95,93,100,8.23,RU,1712802067
189,lib,8.3122,167.3766,300.83,76,97,9.54,MH,1712802459
190,socorro,31.6546,-106.3033,295.71,11,0,1.54,US,1712802459
191,lospalos,-8.5186,127.0025,300.45,63,26,4.05,TL,1712802053
192,mejit,10.2753,170.8646,299.8,77,100,9.96,MH,1712802459
193,gizo,-8.103,156.8419,302.06,74,98,3.67,SB,1712802460
194,humahuaca,-23.2054,-65.3505,287.41,70,96,1.45,AR,1712802460
195,khandyga,62.6667,135.6,271.76,85,80,2.38,RU,1712802068
196,stanley,54.868,-1.6985,286.16,87,40,7.72,GB,1712802460
197,toliara,-23.35,43.6667,298.43,82,84,3.9,MG,1712802460
198,yanggu,36.1106,115.7753,295.83,55,33,4.95,CN,1712802461
199,swift current,50.2834,-107.8014,278.6,48,0,6.69,CA,1712802299
200,lebu,-37.6167,-73.65,285.04,72,94,1.22,CL,1712802461
201,kiunga,-6.1219,141.2906,301.89,78,92,2.16,PG,1712802461
202,tazovsky,67.4667,78.7,245.18,99,69,2.24,RU,1712802461
203,quellon,-43.1167,-73.6167,281.43,83,0,3.27,CL,1712802462
204,merowe,18.4833,31.8167,294.54,18,7,5.16,SD,1712802462
205,peniche,39.3558,-9.3811,289.32,60,100,5.17,PT,1712802462
206,nynashamn,58.9034,17.9479,278.8,73,100,7.23,SE,1712802462
207,sikasso,10.9167,-7.0,301.7,57,100,1.01,ML,1712802462
208,rio gallegos,-51.6226,-69.2181,277.18,75,0,5.66,AR,1712802404
209,labrador city,52.9463,-66.9114,271.58,44,0,2.24,CA,1712801924
210,kristiansund,63.1115,7.732,276.51,87,40,3.09,NO,1712802463
211,fale old settlement,-9.3852,-171.2468,303.21,73,24,3.24,TK,1712802463
212,yampil',51.95,33.7833,287.81,64,100,2.34,UA,1712802463
213,justo daract,-33.8594,-65.1828,281.28,88,100,4.24,AR,1712802464
214,borovskoy,53.8,64.15,273.8,75,10,1.58,KZ,1712802464
215,northam,51.0333,-4.2167,285.59,98,100,7.06,GB,1712802464
216,mermoz boabab,14.7065,-17.4758,293.46,90,0,6.26,SN,1712802464
217,bhamo,24.2667,97.2333,302.24,36,0,1.21,MM,1712802024
218,yulinshi,38.2906,109.7494,290.22,44,0,3.79,CN,1712802028
219,chorozinho,-4.3003,-38.4978,296.87,97,100,1.41,BR,1712802465
220,bamboo flat,11.7,92.7167,304.2,79,40,2.06,IN,1712802465
221,chernyshevskiy,63.0128,112.4714,257.97,77,100,3.68,RU,1712802016
222,tsiombe,-25.3,45.4833,295.77,86,90,4.46,MG,1712802466
223,shache,38.4167,77.2406,289.62,17,100,2.99,CN,1712802466
224,daru,-9.0763,143.2092,300.65,85,100,1.82,PG,1712802466
225,mudgee,-32.5943,149.5871,292.85,45,0,2.22,AU,1712802466
226,ancud,-41.8697,-73.8203,281.35,75,17,2.22,CL,1712802466
227,auki,-8.7676,160.7034,302.1,79,75,1.48,SB,1712802467
228,puerto armuelles,8.2833,-82.8667,300.98,71,100,1.34,PA,1712802010
229,pemangkat,1.1667,108.9667,301.49,76,49,2.39,ID,1712802021
230,bandundu,-3.3167,17.3667,296.39,92,100,0.77,CD,1712802467
231,veraval,20.9,70.3667,298.65,67,72,3.04,IN,1712802467
232,la punta,-33.1837,-66.3127,281.68,88,100,5.59,AR,1712802468
233,sawa sawa,-4.4717,39.4846,299.83,89,100,2.89,KE,1712802468
234,karachi,24.9056,67.0822,297.05,83,40,1.54,PK,1712802468
235,isafjordur,66.0755,-23.124,269.41,88,92,1.86,IS,1712802468
236,perry,37.2506,-83.1999,294.25,89,100,2.13,US,1712802468
237,fisterra,42.9049,-9.2629,283.57,76,100,3.91,ES,1712802469
238,zhosaly,45.4878,64.0781,286.81,47,38,2.82,KZ,1712802469
239,carriere,10.0341,-12.8657,297.63,55,82,1.0,GN,1712802469
240,arkalyk,50.2486,66.9114,275.38,76,100,2.99,KZ,1712802469
241,pakala,13.4667,79.1167,301.38,82,100,2.17,IN,1712802469
242,tura,25.5198,90.2201,302.74,25,100,0.48,IN,1712802470
243,angaur state,6.906,134.13,301.52,77,100,6.74,PW,1712802470
244,gweru,-19.45,29.8167,288.43,86,100,3.8,ZW,1712802470
245,verkhnevilyuysk,63.4453,120.3167,268.62,93,100,4.78,RU,1712802470
246,kayangel,8.0823,134.7173,301.32,77,45,6.63,PW,1712802035
247,colby,39.3958,-101.0524,284.82,39,0,8.23,US,1712802470
248,luderitz,-26.6481,15.1594,293.75,51,0,4.19,NA,1712802471
249,melekeok village,7.4957,134.6367,304.46,70,75,4.63,PW,1712802471
250,marquette,46.5333,-87.6335,284.84,71,69,1.34,US,1712801828
251,tiassale,5.8983,-4.8283,297.44,95,100,1.23,CI,1712802471
252,puerto aysen,-45.4,-72.7,276.33,94,2,1.19,CL,1712802471
253,hirara,24.8,125.2833,298.3,78,75,5.14,JP,1712802011
254,prince rupert,54.3161,-130.3201,280.98,85,100,8.23,CA,1712802472
255,gardez,33.5974,69.2259,282.87,57,0,1.59,AF,1712802472
256,schleiz,50.5833,11.8167,279.23,81,3,1.95,DE,1712802472
257,talara,-4.5772,-81.2719,298.57,69,0,5.14,PE,1712802330
258,lata,40.1629,-8.3327,284.77,79,100,1.91,PT,1712802473
259,munno para west,-34.6583,138.6716,294.15,60,40,0.45,AU,1712802473
260,salekhard,66.53,66.6019,244.48,100,99,0.89,RU,1712802028
261,ouarzazat,30.9189,-6.8934,292.31,8,0,2.57,MA,1712802020
262,crotone,39.0851,17.1178,288.81,71,100,1.17,IT,1712802473
263,ribnitz-damgarten,54.25,12.4667,282.14,92,22,2.24,DE,1712802474
264,minas de marcona,-15.2119,-75.1103,290.48,83,100,5.39,PE,1712802474
265,roma,43.2128,-75.4557,287.09,94,100,2.06,US,1712802474
266,guarapari,-20.6667,-40.4975,297.53,92,0,2.08,BR,1712802474
267,ustyuzhna,58.8394,36.4321,287.02,80,100,7.02,RU,1712802474
268,bovalino,38.149,16.174,288.9,79,100,6.4,IT,1712802475
269,puerto baquerizo moreno,-0.9,-89.6,298.76,85,12,2.01,EC,1712802475
270,kismayo,-0.3582,42.5454,301.9,77,91,3.04,SO,1712802475
271,najera,42.4244,-2.734,280.26,61,9,1.79,ES,1712802475
272,crane,31.3974,-102.3501,291.45,25,0,4.33,US,1712802475
273,karaton,-6.3424,106.1045,297.5,95,100,1.13,ID,1712802476
274,sainte-suzanne,-20.9061,55.6089,297.27,88,20,2.57,RE,1712802476
275,hithadhoo,-0.6,73.0833,302.87,69,100,3.63,MV,1712802476
276,lihue,21.9789,-159.3672,300.73,76,100,5.14,US,1712802201
277,oltinko'l,40.8011,72.1634,289.84,44,4,1.91,UZ,1712802476
278,belyy yar,53.6039,91.3903,278.09,75,40,5.0,RU,1712802477
279,vorkuta,67.5,64.0,248.55,100,100,1.78,RU,1712802477
280,walvis bay,-22.9575,14.5053,285.68,100,0,2.57,NA,1712802048
281,nar'yan-mar,67.6713,53.087,264.32,93,100,7.15,RU,1712802477
282,okhotsk,59.3833,143.3,272.16,75,10,4.66,RU,1712802477
283,kerikeri,-35.2268,173.9474,294.21,93,100,7.93,NZ,1712802478
284,mahina,-17.5065,-149.489,304.02,70,40,3.09,PF,1712802478
285,ola,59.5833,151.2833,270.45,61,52,1.0,RU,1712802478
286,sinop,41.7711,34.8709,282.0,84,90,1.45,TR,1712802026
287,naantali,60.4674,22.0243,278.38,65,0,6.17,FI,1712802479
288,sumenep,-7.0167,113.8667,302.36,72,100,1.46,ID,1712802479
289,jaguaribe,-5.8906,-38.6219,297.41,93,100,1.59,BR,1712802477
290,sinnar,13.5691,33.5672,299.22,11,0,4.36,SD,1712802278
291,ceres,37.5949,-120.9577,297.46,47,0,3.6,US,1712802479
292,hami,42.8,93.45,288.06,37,7,6.83,CN,1712802322
293,deming,32.2687,-107.7586,294.09,12,0,6.69,US,1712802480
294,saipan,15.1355,145.701,305.54,58,40,8.75,MP,1712802480
295,west valley,46.5921,-120.6051,289.62,39,0,2.06,US,1712802481
296,kapuskasing,49.4169,-82.4331,276.2,87,0,2.06,CA,1712802481
297,beitbridge,-22.2167,30.0,292.61,79,100,7.4,ZW,1712802481
298,chita,52.0333,113.55,283.09,22,20,1.0,RU,1712802481
299,plon,54.1667,10.4167,282.64,81,89,2.24,DE,1712802481
300,shahr-e babak,30.1165,55.1186,288.32,58,31,3.15,IR,1712802482
301,cumana,10.4635,-64.1775,299.22,81,5,6.24,VE,1712802482
302,chibougamau,49.9168,-74.3659,277.94,60,0,3.09,CA,1712802045
303,eyl,7.9803,49.8164,300.71,74,88,4.56,SO,1712802482
304,palmer,42.1584,-72.3287,286.22,75,100,2.57,US,1712802484
305,sisimiut,66.9395,-53.6735,266.76,78,100,2.61,GL,1712801914
306,torghay,49.6339,63.4981,279.54,67,100,5.86,KZ,1712802484
307,la'ie,21.6477,-157.9253,301.13,75,60,3.58,US,1712802484
308,kavaratti,10.5669,72.642,301.98,71,100,3.92,IN,1712801939
309,turochak,52.2576,87.1224,276.2,99,100,1.14,RU,1712802484
310,salinopolis,-0.6136,-47.3561,299.97,86,100,3.61,BR,1712802485
311,cooma,-36.2333,149.1333,286.39,42,0,2.72,AU,1712802485
312,turkmenbasy,40.0222,52.9552,289.58,51,0,5.14,TM,1712801959
313,xilin hot,43.9667,116.0333,288.94,28,10,4.82,CN,1712802485
314,enewetak,11.3474,162.3373,300.25,80,100,10.02,MH,1712802485
315,yantzaza,-3.8278,-78.7594,296.82,95,86,0.45,EC,1712802486
316,brisas de zicatela,15.8369,-97.0419,300.44,83,40,2.57,MX,1712802486
317,zambezi,-13.5432,23.1047,292.09,99,100,0.94,ZM,1712802486
318,la passe,45.5549,-0.8967,285.36,78,100,1.94,FR,1712802486
319,glace bay,46.1969,-59.957,271.92,80,0,4.63,CA,1712802486
320,mariestad,58.7097,13.8237,278.43,90,20,5.56,SE,1712802487
321,newman,37.3138,-121.0208,297.14,63,89,1.79,US,1712802369
322,ponta delgada,37.7333,-25.6667,291.59,88,75,5.14,PT,1712802487
323,kuanda,56.3161,116.0806,271.31,76,100,0.48,RU,1712802487
324,kribi,2.95,9.9167,300.09,85,100,0.96,CM,1712802487
325,cooper's town,26.8667,-77.5167,296.41,75,100,8.4,BS,1712802488
326,sharon,41.2331,-80.4934,288.01,93,100,3.09,US,1712802488
327,sao miguel do araguaia,-13.275,-50.1628,298.09,85,100,0.16,BR,1712802488
328,siquijor,9.2142,123.515,303.1,73,100,5.99,PH,1712802488
329,bardai,11.65,7.2333,299.91,23,22,3.8,NG,1712802488
330,san fernando de apure,7.8878,-67.4724,304.6,36,3,2.12,VE,1712802389
331,jilin,43.0,126.0,285.81,55,100,6.07,CN,1712802489
332,gadani,25.1185,66.7299,297.27,77,20,2.45,PK,1712802489
333,island harbour,50.724,-1.2758,285.54,94,100,3.58,GB,1712802489
334,minna,9.6139,6.5569,302.46,39,79,0.32,NG,1712802489
335,igarka,67.4667,86.5833,246.49,97,49,4.02,RU,1712802490
336,selfoss,63.9331,-20.9971,276.4,88,100,8.69,IS,1712802490
337,katsuura,35.1333,140.3,288.51,60,67,4.42,JP,1712801918
338,kish,26.5578,54.0194,298.3,83,100,4.12,IR,1712802490
339,puerto santa,-8.9906,-78.6456,294.69,85,88,3.48,PE,1712802490
340,manokwari,-0.8667,134.0833,299.62,84,100,0.96,ID,1712802491
341,noumea,-22.2763,166.4572,298.14,94,99,4.1,NC,1712802434
342,dahab,28.501,34.5134,293.84,46,1,4.54,EG,1712802405
343,kangaba,11.9333,-8.4167,300.49,56,100,1.93,ML,1712802491
344,shakawe,-18.3667,21.85,291.13,66,88,2.26,BW,1712802492
345,machico,32.7,-16.7667,293.5,45,20,5.66,PT,1712802492
346,jabor,5.921,169.6434,301.0,83,98,7.81,MH,1712802492
347,haiku-pauwela,20.9219,-156.3051,301.16,63,20,7.2,US,1712802492
348,cernavoda,44.3667,28.0167,284.84,50,0,1.8,RO,1712802492
349,lerwick,60.1545,-1.1494,282.15,97,100,11.98,GB,1712802037
350,mabaruma,8.2,-59.7833,298.66,82,5,1.75,GY,1712802493
351,saurimo,-9.6608,20.3916,291.57,95,100,1.23,AO,1712802493
352,beni saf,35.301,-1.3823,285.31,45,46,1.91,DZ,1712802493
353,altagracia de orituco,9.8601,-66.3814,295.83,81,13,3.56,VE,1712802493
354,colonia,50.9333,6.95,283.31,74,0,3.09,DE,1712802236
355,yanam,16.7333,82.2167,302.33,63,43,1.54,IN,1712802494
356,huancavelica,-12.7667,-74.9833,277.48,89,100,1.63,PE,1712802282
357,ambodifotatra,-16.9833,49.85,299.94,86,100,4.25,MG,1712802494
358,kandi,11.1342,2.9386,303.13,39,38,2.29,BJ,1712802494
359,ziro,27.6333,93.8333,285.56,71,40,1.68,IN,1712802495
360,grand falls-windsor,48.9332,-55.6649,272.32,90,67,1.34,CA,1712802321
361,kulhudhuffushi,6.6221,73.07,302.41,73,11,3.33,MV,1712802495
362,gaalkacyo,6.7697,47.4308,298.05,82,5,4.92,SO,1712802495
363,ulsteinvik,62.3432,5.8487,280.65,74,100,2.68,NO,1712802495
364,mili,6.0815,171.735,300.99,83,89,7.52,MH,1712802496
365,hit,33.6416,42.8251,292.0,48,21,3.15,IQ,1712802496
366,kostanay,53.1667,63.5833,274.31,100,0,0.0,KZ,1712802496
367,labytnangi,66.6572,66.4183,244.47,100,98,1.0,RU,1712802496
368,horodok,49.1637,26.5839,284.88,86,87,5.15,UA,1712802496
369,steinbach,50.1667,8.5667,281.28,77,13,1.12,DE,1712802497
370,sao gabriel,-30.3364,-54.32,291.82,85,100,5.11,BR,1712802497
371,port blair,11.6667,92.75,304.17,79,40,2.06,IN,1712802263
372,sosnogorsk,63.6023,53.8817,271.78,97,100,2.68,RU,1712802497
373,galle,6.0367,80.217,300.43,75,30,3.31,LK,1712802497
374,ouargla,31.9493,5.325,289.19,51,0,2.57,DZ,1712802498
375,bryne,58.7354,5.6477,281.47,92,100,10.29,NO,1712802498
376,mullovka,54.2,49.4,276.05,94,21,1.22,RU,1712802498
377,caldas novas,-17.7417,-48.625,294.25,86,16,0.69,BR,1712802498
378,sao vicente,-23.9631,-46.3919,299.41,62,40,1.03,BR,1712802370
379,kota bharu,6.1333,102.2386,302.12,74,40,1.03,MY,1712802499
380,la gi,10.6667,107.7833,304.11,59,23,9.93,VN,1712802339
381,kudat,6.8837,116.8477,304.11,74,20,2.57,MY,1712802499
382,tommot,58.9564,126.2925,274.56,98,7,1.49,RU,1712802499
383,warmbad,-28.45,18.7333,291.94,41,0,3.43,NA,1712802499
384,russellville,35.2784,-93.1338,287.23,85,100,5.14,US,1712802500
385,zhob,31.3411,69.4481,291.92,40,81,1.72,PK,1712802500
386,berdigestyakh,62.0989,126.6992,273.06,100,60,3.71,RU,1712802500
387,malpica,43.3228,-8.8105,283.34,76,99,1.49,ES,1712802500
388,yugorsk,61.3133,63.3319,259.2,96,43,1.7,RU,1712802500
389,rikaze,29.25,88.8833,276.47,31,0,0.72,CN,1712802501
390,peace river,56.2501,-117.286,282.32,25,75,3.09,CA,1712802501
391,ugoofaaru,5.6667,73.0,302.68,73,11,4.71,MV,1712802501
392,usakos,-22.0,15.6,294.92,35,0,2.58,NA,1712802501
393,khuzdar,27.7384,66.6434,295.32,27,7,0.87,PK,1712802501
394,berbera,10.4396,45.0143,300.37,83,21,1.44,SO,1712802502
395,mount pearl,47.5166,-52.7813,272.01,87,100,5.66,CA,1712802371
396,yinchuan,38.4681,106.2731,291.02,22,0,4.37,CN,1712802502
397,namibe,-15.1961,12.1522,295.1,71,100,2.89,AO,1712802502
398,touros,-5.1989,-35.4608,299.26,86,91,1.23,BR,1712802041
399,callao,-12.0667,-77.15,298.55,73,0,5.14,PE,1712802503
400,katsuren-haebaru,26.3369,127.8719,298.36,67,0,5.14,JP,1712801954
401,eenhana,-17.4667,16.3333,292.95,80,48,2.65,NA,1712802503
402,olyokminsk,60.3736,120.4264,275.39,63,100,2.79,RU,1712802046
403,el granada,37.5027,-122.4694,296.64,77,0,9.77,US,1712802503
404,whitefield,53.55,-2.3,286.04,89,100,5.16,GB,1712802504
405,patnanungan,14.7833,122.1833,301.2,73,63,5.55,PH,1712802504
406,altai,46.3722,96.2583,275.45,50,73,5.11,MN,1712802504
407,seminole,28.7086,-81.2081,298.36,74,0,6.17,US,1712802504
408,bridport,50.7338,-2.7583,286.43,97,100,6.33,GB,1712802504
409,labuan,5.2767,115.2417,305.35,62,20,2.06,MY,1712802505
410,ajdabiya,30.7554,20.2263,287.59,66,0,3.14,LY,1712802029
411,vilyuysk,63.7553,121.6247,271.48,93,100,3.13,RU,1712802505
412,sorokino,53.75,84.9167,273.83,96,100,2.28,RU,1712802505
413,kingston,17.997,-76.7936,301.68,74,20,8.75,JM,1712802287
414,argo,37.6333,22.7333,288.46,51,100,2.37,GR,1712802506
415,gilgit,35.9221,74.3087,279.21,87,100,1.45,PK,1712802506
416,ilek,51.5271,53.3831,280.19,90,2,2.53,RU,1712802506
417,fort st. john,56.2499,-120.8529,280.09,33,75,6.69,CA,1712802355
418,huangzhou,30.45,114.8,293.53,74,96,1.0,CN,1712802506
419,richards bay,-28.783,32.0377,292.39,81,94,9.15,ZA,1712802507
420,natal,-5.795,-35.2094,299.51,94,20,1.54,BR,1712802260
421,hadibu,12.65,54.0333,299.66,79,0,2.94,YE,1712802507
422,leninskoye,41.7589,69.3864,284.49,58,20,0.96,KZ,1712802507
423,aripuana,-9.1667,-60.6333,296.84,99,86,1.03,BR,1712802507
424,baharly,38.4362,57.4316,291.02,37,100,1.66,TM,1712802508
425,pandan,14.0453,124.1694,302.11,66,83,3.86,PH,1712802508
426,livingstone,-17.8419,25.8543,292.36,97,100,0.94,ZM,1712802508
427,pimentel,-6.8367,-79.9342,299.31,61,20,4.63,PE,1712802508
428,al muwayh,22.4333,41.7583,294.04,23,36,3.14,SA,1712802035
429,lugovoy,42.9472,72.7644,284.32,67,23,1.81,KZ,1712802509
430,fort mcmurray,56.7268,-111.381,280.92,53,0,2.57,CA,1712802376
431,castro,-24.7911,-50.0119,293.48,70,100,2.13,BR,1712802393
432,arak,34.0917,49.6892,282.23,70,33,1.06,IR,1712802509
433,akureyri,65.6835,-18.0878,273.11,74,100,1.03,IS,1712802509
434,sinabang,2.4803,96.3801,301.86,75,100,0.89,ID,1712802510
435,shenkursk,62.1091,42.896,282.22,89,100,6.36,RU,1712802510
436,challapalle,16.1167,80.9333,304.23,60,7,3.37,IN,1712802510
437,williamson,30.6502,-97.6003,290.21,73,0,2.57,US,1712802510
438,kailua-kona,19.6406,-155.9956,300.36,73,40,4.12,US,1712801841
439,palopo,-2.9996,120.1921,303.21,65,39,1.65,ID,1712802510
440,luebo,-5.35,21.4167,295.29,92,100,0.23,CD,1712802511
441,mount isa,-20.7333,139.5,299.02,25,2,5.66,AU,1712802511
442,vernon,50.2581,-119.2691,287.35,50,99,0.45,CA,1712802374
443,sharlyk,52.9167,54.75,277.34,86,0,2.73,RU,1712802511
444,padangsidempuan,1.3667,99.2667,298.44,90,100,2.05,ID,1712802511
445,huamachuco,-7.8,-78.0667,284.72,91,69,0.59,PE,1712802512
446,gantang,26.92,119.6333,295.36,68,54,0.7,CN,1712802512
447,gisborne,-38.6533,178.0042,296.03,59,100,6.49,NZ,1712802512
448,xianning,29.8833,114.2167,294.27,75,75,1.21,CN,1712802330
449,bazarnyye mataki,54.8833,49.9333,278.16,95,14,2.68,RU,1712802512
450,monroe,43.1501,-77.6831,286.4,76,100,1.88,US,1712802414
451,unai,-16.3575,-46.9061,295.9,87,27,0.86,BR,1712802513
452,fada,9.5667,8.3,298.57,33,100,1.56,NG,1712802513
453,halifax,44.6453,-63.5724,276.15,84,100,0.45,CA,1712802402
454,raipur,21.2333,81.6333,294.23,94,75,1.54,IN,1712802222
455,dudinka,69.4058,86.1778,245.15,100,100,1.24,RU,1712802514
456,weno,7.4515,151.8468,300.12,100,100,5.14,FM,1712802514
457,qulsary,46.9531,54.0198,288.83,52,52,4.53,KZ,1712802515
458,lorengau,-2.0226,147.2712,301.88,74,100,2.49,PG,1712802027
459,vadso,70.0744,29.7487,276.24,93,100,1.54,NO,1712802515
460,fortaleza,-3.7227,-38.5247,300.22,89,0,1.03,BR,1712802418
461,el calafate,-50.3408,-72.2768,278.52,81,2,1.55,AR,1712802515
462,laguna,38.421,-121.4238,298.23,51,0,1.54,US,1712802515
463,luganville,-15.5333,167.1667,303.18,62,78,1.93,VU,1712802516
464,sentjur,46.2172,15.3975,282.37,85,100,0.95,SI,1712802516
465,were ilu,10.6,39.4333,284.56,86,7,2.79,ET,1712802516
466,nogliki,51.8333,143.1667,281.12,67,0,5.81,RU,1712802516
467,pyt-yakh,60.7499,72.8582,261.96,83,99,2.22,RU,1712802516
468,holualoa,19.6228,-155.9522,298.06,80,40,4.12,US,1712802050
469,yuzhno-kurilsk,44.0306,145.8556,277.8,76,100,4.0,RU,1712802517
470,slave lake,55.2834,-114.769,279.14,39,75,1.03,CA,1712802048
471,dunedin,-45.8742,170.5036,285.26,97,100,4.02,NZ,1712802514
472,hengchun,22.0042,120.7439,300.39,67,19,4.62,TW,1712802517
473,dalandzadgad,43.5708,104.425,286.61,31,20,6.24,MN,1712802518
474,al burayqah,30.4062,19.5739,289.91,64,0,3.41,LY,1712802518
475,kajaani,64.2273,27.7285,277.18,87,75,7.2,FI,1712802518
476,dolbeau-mistassini,48.8763,-72.212,278.51,85,99,4.67,CA,1712802518
477,ta`u,-14.2336,-169.5144,302.39,76,26,4.09,AS,1712802519
478,coahuayana de hidalgo,18.7,-103.6583,293.23,92,2,0.8,MX,1712802519
479,novodvinsk,64.4165,40.8122,279.14,100,100,5.15,RU,1712802519
480,howrah,22.5892,88.3103,301.15,74,40,3.09,IN,1712802519
481,tralee,52.2704,-9.7026,283.54,96,29,2.81,IE,1712802519
482,lepsy,46.235,78.9456,283.18,76,100,2.98,KZ,1712802520
483,vodice,43.7608,15.7828,289.65,62,100,7.26,HR,1712802520
484,marka,1.7159,44.7717,302.04,73,43,3.89,SO,1712802520
485,tefe,-3.3542,-64.7114,298.69,93,100,1.15,BR,1712802520
486,yemva,62.59,50.8594,274.78,99,100,4.55,RU,1712802520
487,la ronge,55.1001,-105.2842,279.29,65,75,7.72,CA,1712802520
488,greenville,35.6127,-77.3663,292.24,78,0,5.14,US,1712802384
489,dhuusamarreeb,5.535,46.3861,299.0,74,45,3.81,SO,1712802521
490,carros,43.7894,7.184,287.15,69,75,2.06,FR,1712802521
491,traralgon,-38.1833,146.5333,289.81,60,96,2.35,AU,1712802521
492,kirensk,57.7853,108.1119,275.91,98,100,3.58,RU,1712802522
493,hinton,53.4001,-117.5857,277.44,51,98,0.6,CA,1712802522
494,phang nga,8.4509,98.5298,305.17,55,100,2.49,TH,1712802522
495,nuriootpa,-34.4833,139.0,292.58,45,16,3.11,AU,1712802522
496,chonchi,-42.6128,-73.8092,279.88,79,0,0.66,CL,1712802522
497,brookings,44.3114,-96.7984,283.92,72,40,4.63,US,1712802430
498,sao joao da barra,-21.6403,-41.0511,298.37,86,0,2.35,BR,1712802009
499,choibalsan,48.0667,114.5,288.24,29,100,4.99,MN,1712802523
500,lanzhou,36.0564,103.7922,289.85,27,0,1.52,CN,1712802523
501,arraial do cabo,-22.9661,-42.0278,298.23,88,0,5.48,BR,1712802345
502,cambria,35.5641,-121.0808,298.56,83,65,1.69,US,1712802524
503,puerto lempira,15.2667,-83.7667,299.31,79,100,3.26,HN,1712802524
504,broken hill,-31.95,141.4333,290.63,48,0,5.51,AU,1712802524
505,kuta,-8.7233,115.1723,302.12,88,78,1.54,ID,1712802524
506,mukalla,14.5425,49.1242,298.75,75,16,1.62,YE,1712802525
507,igrim,63.1906,64.4162,258.23,91,15,1.44,RU,1712802525
508,urzhar,47.093,81.6294,280.39,99,100,1.07,KZ,1712802525
509,itaituba,-4.2761,-55.9836,297.6,99,100,0.74,BR,1712802526
510,malango,-2.9627,119.9001,301.04,62,45,1.14,ID,1712802009
511,colonia menno,-22.3667,-59.8167,298.69,86,86,2.16,PY,1712802526
512,yankton,42.8711,-97.3973,284.88,54,0,9.77,US,1712802435
513,addiet canna,11.2667,37.4833,291.12,28,6,2.27,ET,1712802527
514,marsabit,2.3284,37.9899,293.63,74,25,2.54,KE,1712802527
515,shippensburg,40.0507,-77.5203,293.41,79,100,1.09,US,1712802408
516,manaure,11.7751,-72.4445,300.25,77,24,7.23,CO,1712802527
517,ratnagiri,16.9833,73.3,299.8,61,36,1.49,IN,1712801947
518,cee,42.9547,-9.188,283.61,76,100,3.21,ES,1712802527
519,uturoa,-16.7333,-151.4333,302.43,76,30,8.15,PF,1712802528
520,colomadu,-7.5333,110.75,300.97,81,96,2.21,ID,1712802528
521,narvik,68.4384,17.4272,277.81,99,100,4.97,NO,1712802528
522,huanggang,23.677,116.9996,296.09,67,28,1.96,CN,1712802528
523,boundiali,9.5217,-6.4869,297.64,74,100,2.74,CI,1712802529
524,tulun,54.5611,100.5792,275.0,97,100,1.95,RU,1712802529
525,ulanhot,46.0833,122.0833,289.75,39,28,3.24,CN,1712802019
526,fukuecho,32.6881,128.8419,290.35,67,75,2.57,JP,1712802529
527,gorontalo,0.5412,123.0595,305.33,50,87,1.0,ID,1712802529
528,ternate,0.8,127.4,302.18,67,31,2.85,ID,1712802529
529,port hedland,-20.3167,118.5667,304.18,37,7,6.17,AU,1712802530
530,adrar,20.5022,-10.0711,302.24,15,0,4.23,MR,1712802032
531,ntui,4.45,11.6333,295.08,97,85,1.03,CM,1712802530
532,cortina d'ampezzo,46.5384,12.1377,275.64,91,10,1.82,IT,1712802530
533,bati,11.1833,40.0167,293.19,67,2,1.03,ET,1712802531
534,maloye ganyushkino,46.6,49.2667,287.74,48,50,3.47,KZ,1712802531
535,uliastay,47.7417,96.8444,278.17,35,76,3.3,MN,1712802531
536,port douglas,-16.4833,145.4667,299.88,67,100,6.47,AU,1712802531
537,murghob,38.1702,73.9667,266.9,72,81,2.53,TJ,1712802531
538,guasdualito,7.2424,-70.7324,303.13,51,20,0.0,VE,1712802532
539,aschersleben,51.75,11.4667,279.23,80,38,3.07,DE,1712802532
540,amos,48.5669,-78.1162,279.96,82,60,2.08,CA,1712802532
541,kedrovyy,56.1667,91.8167,269.38,70,80,1.85,RU,1712802532
542,asasa,7.1,39.2,285.93,86,7,1.48,ET,1712802532
543,port saint john's,-31.6229,29.5448,289.74,83,74,7.28,ZA,1712802533
544,saint-denis,48.9167,2.3333,286.01,70,100,3.09,FR,1712802533
545,mahdia,35.5047,11.0622,288.12,70,97,5.02,TN,1712802533
546,buala,-8.145,159.5921,302.26,77,85,0.74,SB,1712802533
547,sucre,-19.0333,-65.2627,287.25,86,99,2.25,BO,1712802497
548,saint george's,12.0564,-61.7485,299.97,74,20,6.17,GD,1712802534
549,dwarka,22.2394,68.9678,298.51,79,100,2.48,IN,1712802534
550,woods creek,47.8787,-121.8985,287.01,62,100,0.89,US,1712802534
551,itoman,26.1247,127.6694,298.36,65,20,4.63,JP,1712802048
552,tessaoua,13.7574,7.9874,300.26,11,5,3.72,NE,1712802534
553,tut,37.7953,37.9161,281.6,77,74,1.15,TR,1712802535
554,san fernando,15.0286,120.6898,306.0,41,86,5.54,PH,1712802266
555,yorkton,51.2167,-102.4677,279.06,65,100,7.72,CA,1712802313
556,milici,44.1711,19.0903,279.8,95,100,1.33,BA,1712802535
